ScaleGB,TimeTakenSeconds,Error
1,181.74788451194763,
3,596.322948217392,
5,1135.6238663196564,
7,2341.953798532486,
